-- MySQL dump 10.13  Distrib 8.0.19, for Linux (x86_64)
--
-- Host: localhost    Database: vk
-- ------------------------------------------------------
-- Server version	8.0.19

/*!40101 SET @OLD_CHARACTER_SET_CLIENT=@@CHARACTER_SET_CLIENT */;
/*!40101 SET @OLD_CHARACTER_SET_RESULTS=@@CHARACTER_SET_RESULTS */;
/*!40101 SET @OLD_COLLATION_CONNECTION=@@COLLATION_CONNECTION */;
/*!50503 SET NAMES utf8mb4 */;
/*!40103 SET @OLD_TIME_ZONE=@@TIME_ZONE */;
/*!40103 SET TIME_ZONE='+00:00' */;
/*!40014 SET @OLD_UNIQUE_CHECKS=@@UNIQUE_CHECKS, UNIQUE_CHECKS=0 */;
/*!40014 SET @OLD_FOREIGN_KEY_CHECKS=@@FOREIGN_KEY_CHECKS, FOREIGN_KEY_CHECKS=0 */;
/*!40101 SET @OLD_SQL_MODE=@@SQL_MODE, SQL_MODE='NO_AUTO_VALUE_ON_ZERO' */;
/*!40111 SET @OLD_SQL_NOTES=@@SQL_NOTES, SQL_NOTES=0 */;

--
-- Table structure for table `communities`
--

DROP TABLE IF EXISTS `communities`;
/*!40101 SET @saved_cs_client     = @@character_set_client */;
/*!50503 SET character_set_client = utf8mb4 */;
CREATE TABLE `communities` (
  `id` int unsigned NOT NULL AUTO_INCREMENT,
  `name` varchar(150) CHARACTER SET utf8 COLLATE utf8_unicode_ci NOT NULL,
  PRIMARY KEY (`id`),
  UNIQUE KEY `name` (`name`)
) ENGINE=InnoDB AUTO_INCREMENT=11 DEFAULT CHARSET=utf8 COLLATE=utf8_unicode_ci;
/*!40101 SET character_set_client = @saved_cs_client */;

--
-- Dumping data for table `communities`
--

LOCK TABLES `communities` WRITE;
/*!40000 ALTER TABLE `communities` DISABLE KEYS */;
INSERT INTO `communities` VALUES (2,'Douglas Inc'),(6,'Frami Inc'),(9,'Gulgowski Inc'),(7,'Kerluke Inc'),(3,'Kutch-Beer'),(10,'Ledner Inc'),(1,'Mitchell, Mosciski and Jacobi'),(5,'Stehr, Bernier and Reichel'),(4,'Swaniawski, Kshlerin and Stamm'),(8,'Yundt LLC');
/*!40000 ALTER TABLE `communities` ENABLE KEYS */;
UNLOCK TABLES;

--
-- Table structure for table `communities_users`
--

DROP TABLE IF EXISTS `communities_users`;
/*!40101 SET @saved_cs_client     = @@character_set_client */;
/*!50503 SET character_set_client = utf8mb4 */;
CREATE TABLE `communities_users` (
  `community_id` int unsigned NOT NULL,
  `user_id` int unsigned NOT NULL,
  PRIMARY KEY (`community_id`,`user_id`)
) ENGINE=InnoDB DEFAULT CHARSET=utf8 COLLATE=utf8_unicode_ci;
/*!40101 SET character_set_client = @saved_cs_client */;

--
-- Dumping data for table `communities_users`
--

LOCK TABLES `communities_users` WRITE;
/*!40000 ALTER TABLE `communities_users` DISABLE KEYS */;
INSERT INTO `communities_users` VALUES (1,1),(1,11),(1,21),(1,31),(1,41),(2,2),(2,12),(2,22),(2,32),(2,42),(3,3),(3,13),(3,23),(3,33),(3,43),(4,4),(4,14),(4,24),(4,34),(4,44),(5,5),(5,15),(5,25),(5,35),(5,45),(6,6),(6,16),(6,26),(6,36),(6,46),(7,7),(7,17),(7,27),(7,37),(7,47),(8,8),(8,18),(8,28),(8,38),(8,48),(9,9),(9,19),(9,29),(9,39),(9,49),(10,10),(10,20),(10,30),(10,40),(10,50);
/*!40000 ALTER TABLE `communities_users` ENABLE KEYS */;
UNLOCK TABLES;

--
-- Table structure for table `friendship`
--

DROP TABLE IF EXISTS `friendship`;
/*!40101 SET @saved_cs_client     = @@character_set_client */;
/*!50503 SET character_set_client = utf8mb4 */;
CREATE TABLE `friendship` (
  `user_id` int unsigned NOT NULL,
  `friend_id` int unsigned NOT NULL,
  `status_id` int unsigned NOT NULL,
  `requested_at` datetime DEFAULT CURRENT_TIMESTAMP,
  `confirmed_at` datetime DEFAULT NULL,
  PRIMARY KEY (`user_id`,`friend_id`)
) ENGINE=InnoDB DEFAULT CHARSET=utf8 COLLATE=utf8_unicode_ci;
/*!40101 SET character_set_client = @saved_cs_client */;

--
-- Dumping data for table `friendship`
--

LOCK TABLES `friendship` WRITE;
/*!40000 ALTER TABLE `friendship` DISABLE KEYS */;
INSERT INTO `friendship` VALUES (1,41,1,'2019-03-22 16:18:57','2019-05-21 10:55:54'),(1,59,3,'2020-02-12 10:20:58','2018-07-03 01:39:51'),(2,88,2,'2018-07-23 01:26:44','2018-12-17 04:49:08'),(4,17,1,'2017-03-10 01:40:09','2020-01-01 12:46:42'),(5,1,2,'2019-04-25 21:19:06','2018-06-03 22:52:26'),(7,47,1,'2017-06-15 09:34:48','2018-07-14 17:37:41'),(10,98,2,'2016-09-18 18:40:36','2019-03-02 05:09:15'),(11,30,3,'2016-09-28 22:40:14','2020-02-18 06:03:22'),(11,37,3,'2019-03-01 16:49:29','2018-06-04 05:53:22'),(11,96,3,'2017-05-05 01:00:59','2019-04-23 07:27:01'),(12,14,2,'2020-02-24 05:02:42','2019-10-19 20:32:19'),(12,17,2,'2018-04-10 16:18:39','2018-07-30 04:49:00'),(12,20,2,'2017-02-03 13:40:14','2019-03-06 19:00:06'),(12,31,1,'2017-10-31 22:36:05','2019-06-25 00:40:58'),(13,48,2,'2016-09-22 15:19:53','2019-06-15 10:42:03'),(14,46,1,'2019-04-14 09:35:52','2019-08-11 09:59:04'),(14,85,3,'2017-03-21 08:48:56','2019-09-23 22:18:42'),(18,97,1,'2020-01-14 14:14:43','2020-03-18 14:23:02'),(19,1,2,'2020-02-09 07:23:11','2020-02-28 12:33:26'),(19,44,2,'2018-01-14 10:09:30','2019-12-02 08:23:00'),(20,48,1,'2017-01-23 02:01:38','2019-08-31 07:26:52'),(21,15,1,'2016-03-27 15:19:33','2019-08-21 18:49:40'),(21,92,1,'2015-12-06 19:15:47','2018-06-12 04:06:48'),(22,70,2,'2018-05-10 05:37:09','2018-10-10 07:46:58'),(22,76,3,'2019-10-30 18:57:04','2019-03-04 14:36:16'),(25,12,1,'2017-04-07 05:36:14','2019-11-03 17:19:47'),(26,65,2,'2015-09-01 10:24:31','2018-10-15 01:51:58'),(28,87,2,'2017-02-10 17:11:40','2018-07-25 10:13:17'),(29,46,3,'2018-11-14 11:38:52','2019-01-11 12:40:46'),(32,17,3,'2017-10-07 18:46:27','2019-03-26 07:19:17'),(32,68,2,'2016-01-03 02:21:12','2019-03-19 15:30:20'),(33,97,2,'2018-05-05 01:05:35','2019-04-11 08:22:48'),(33,100,3,'2015-10-16 20:51:40','2020-01-11 17:54:49'),(34,5,3,'2017-04-15 05:51:49','2020-02-20 21:47:51'),(37,5,1,'2017-04-28 00:14:25','2019-05-17 21:09:23'),(38,57,1,'2017-11-29 01:38:04','2019-03-06 08:21:47'),(39,85,2,'2016-03-16 05:49:10','2020-02-19 20:00:23'),(40,75,3,'2018-06-24 13:57:00','2019-11-28 09:26:21'),(42,8,3,'2016-01-28 15:09:06','2019-03-02 20:45:35'),(42,55,3,'2015-05-03 18:41:11','2019-01-17 12:35:07'),(43,22,3,'2020-02-05 11:13:17','2020-01-07 06:43:41'),(43,51,1,'2015-07-05 22:24:10','2018-04-21 09:02:15'),(43,76,1,'2017-06-08 10:53:13','2019-12-15 09:07:20'),(44,8,1,'2018-10-11 17:41:25','2019-04-25 05:07:21'),(45,87,3,'2019-10-24 16:23:38','2018-05-17 17:26:16'),(47,60,3,'2019-01-14 16:54:35','2018-12-27 22:37:07'),(47,72,1,'2016-12-04 16:55:31','2018-04-28 18:50:35'),(48,38,3,'2016-10-07 09:47:57','2018-08-09 17:06:53'),(49,18,2,'2019-05-11 07:06:45','2020-04-11 16:30:24'),(49,56,1,'2017-08-19 04:24:25','2018-12-28 00:48:15'),(49,82,3,'2019-05-18 16:14:32','2018-07-26 19:28:47'),(51,25,2,'2016-03-15 11:45:23','2019-05-14 01:44:13'),(51,68,1,'2019-09-29 00:17:23','2019-07-01 19:21:39'),(51,88,1,'2019-02-28 21:27:34','2019-11-14 01:06:39'),(52,6,3,'2019-02-05 00:53:34','2018-11-26 16:49:07'),(52,47,1,'2017-01-08 03:12:32','2019-03-29 14:58:07'),(53,42,1,'2017-10-14 21:23:01','2019-08-05 19:25:22'),(54,16,1,'2019-07-01 14:02:59','2018-04-29 17:29:44'),(56,18,3,'2018-04-19 02:54:47','2019-12-26 23:27:22'),(56,65,2,'2017-06-17 01:43:38','2020-04-17 13:32:19'),(56,85,3,'2015-12-24 04:45:02','2018-12-10 10:48:37'),(57,6,1,'2016-10-30 09:22:05','2019-04-13 10:05:31'),(58,96,3,'2017-04-26 05:40:56','2019-07-29 00:20:40'),(61,51,2,'2019-05-16 23:56:53','2020-03-05 19:06:18'),(64,88,3,'2017-05-13 08:52:20','2019-11-09 14:52:04'),(65,51,1,'2015-10-26 00:50:14','2019-11-29 02:08:46'),(65,63,3,'2017-05-31 13:20:47','2018-11-17 00:03:23'),(65,78,1,'2016-05-26 04:59:52','2018-08-28 09:09:56'),(66,38,3,'2019-03-17 21:07:15','2019-08-25 07:56:39'),(67,66,2,'2020-04-07 23:15:26','2019-09-13 11:24:15'),(69,18,1,'2019-02-01 02:32:03','2019-05-13 16:08:00'),(72,89,1,'2015-05-22 03:45:42','2020-02-09 11:46:44'),(73,12,3,'2018-12-18 15:41:41','2020-03-10 20:27:27'),(73,13,2,'2018-06-16 07:51:40','2019-08-18 10:11:37'),(73,46,1,'2018-06-30 11:55:40','2019-03-10 11:36:06'),(74,95,3,'2017-07-18 09:22:22','2018-12-15 22:24:34'),(77,94,3,'2019-11-08 23:00:02','2019-09-04 07:58:46'),(78,26,1,'2018-07-20 12:34:48','2020-04-05 19:44:55'),(79,54,2,'2015-07-20 04:31:26','2020-04-16 05:46:30'),(81,43,3,'2017-12-17 21:32:01','2018-05-11 04:52:08'),(81,51,1,'2020-01-10 17:47:50','2019-08-10 23:11:50'),(81,58,2,'2016-08-03 05:19:01','2018-10-22 13:14:01'),(83,24,3,'2015-04-27 13:00:46','2019-01-16 13:05:26'),(84,64,2,'2016-11-21 11:21:08','2018-10-06 15:54:13'),(85,87,2,'2019-10-05 10:02:14','2018-09-15 17:01:55'),(86,20,3,'2017-03-08 22:00:39','2020-04-16 17:32:22'),(87,75,2,'2016-12-20 08:47:33','2018-04-25 09:58:33'),(87,95,2,'2016-11-22 08:01:06','2018-05-26 02:00:11'),(88,38,3,'2015-11-20 16:04:34','2019-08-14 04:41:09'),(89,78,2,'2017-05-27 14:33:29','2019-06-27 23:45:49'),(90,42,2,'2019-04-24 22:12:38','2020-03-26 12:24:21'),(91,2,1,'2016-07-30 16:02:58','2019-11-20 02:17:12'),(91,30,2,'2017-02-09 02:03:38','2018-10-15 03:31:51'),(91,79,1,'2017-04-24 04:28:20','2018-12-18 14:30:54'),(93,87,2,'2016-06-17 08:42:24','2019-11-24 18:00:39'),(94,54,1,'2016-11-24 00:13:13','2019-07-15 04:07:18'),(94,75,1,'2017-10-26 04:27:53','2018-10-01 09:41:52'),(94,96,2,'2016-06-18 06:56:11','2019-11-10 13:28:25'),(95,39,2,'2016-08-04 01:50:36','2019-05-21 11:16:51'),(96,90,3,'2017-07-06 23:16:18','2019-08-15 03:58:31');
/*!40000 ALTER TABLE `friendship` ENABLE KEYS */;
UNLOCK TABLES;

--
-- Table structure for table `friendship_statuses`
--

DROP TABLE IF EXISTS `friendship_statuses`;
/*!40101 SET @saved_cs_client     = @@character_set_client */;
/*!50503 SET character_set_client = utf8mb4 */;
CREATE TABLE `friendship_statuses` (
  `id` int unsigned NOT NULL AUTO_INCREMENT,
  `name` varchar(150) CHARACTER SET utf8 COLLATE utf8_unicode_ci NOT NULL,
  PRIMARY KEY (`id`),
  UNIQUE KEY `name` (`name`)
) ENGINE=InnoDB AUTO_INCREMENT=4 DEFAULT CHARSET=utf8 COLLATE=utf8_unicode_ci;
/*!40101 SET character_set_client = @saved_cs_client */;

--
-- Dumping data for table `friendship_statuses`
--

LOCK TABLES `friendship_statuses` WRITE;
/*!40000 ALTER TABLE `friendship_statuses` DISABLE KEYS */;
INSERT INTO `friendship_statuses` VALUES (2,'Confirmed'),(3,'Rejected'),(1,'Requested');
/*!40000 ALTER TABLE `friendship_statuses` ENABLE KEYS */;
UNLOCK TABLES;

--
-- Table structure for table `media`
--

DROP TABLE IF EXISTS `media`;
/*!40101 SET @saved_cs_client     = @@character_set_client */;
/*!50503 SET character_set_client = utf8mb4 */;
CREATE TABLE `media` (
  `id` int unsigned NOT NULL AUTO_INCREMENT,
  `media_type_id` int unsigned NOT NULL,
  `user_id` int unsigned NOT NULL,
  `filename` varchar(255) CHARACTER SET utf8 COLLATE utf8_unicode_ci NOT NULL,
  `size` int NOT NULL,
  `metadata` json DEFAULT NULL,
  `created_at` datetime DEFAULT CURRENT_TIMESTAMP,
  `updated_at` datetime DEFAULT CURRENT_TIMESTAMP ON UPDATE CURRENT_TIMESTAMP,
  PRIMARY KEY (`id`)
) ENGINE=InnoDB AUTO_INCREMENT=101 DEFAULT CHARSET=utf8 COLLATE=utf8_unicode_ci;
/*!40101 SET character_set_client = @saved_cs_client */;

--
-- Dumping data for table `media`
--

LOCK TABLES `media` WRITE;
/*!40000 ALTER TABLE `media` DISABLE KEYS */;
INSERT INTO `media` VALUES (1,1,41,'https://dropbox.com/vk/et.mp3',44971,'{\"owner\": \"Trycia O\'Kon\"}','2015-09-28 12:37:41','2020-04-25 12:10:18'),(2,2,89,'https://dropbox.com/vk/fuga.gif',53659,'{\"owner\": \"Kaycee Batz\"}','2011-09-25 02:41:58','2020-04-25 12:10:18'),(3,3,23,'https://dropbox.com/vk/asperiores.jpeg',23383,'{\"owner\": \"Anthony Quigley\"}','2011-10-24 06:48:05','2020-04-25 12:10:18'),(4,1,47,'https://dropbox.com/vk/ratione.jpeg',45937,'{\"owner\": \"Emilie Stark\"}','2018-04-14 09:06:36','2020-04-25 12:10:18'),(5,2,64,'https://dropbox.com/vk/ducimus.mp3',49537,'{\"owner\": \"Dwight Homenick\"}','2011-09-24 10:39:17','2020-04-25 12:10:18'),(6,3,79,'https://dropbox.com/vk/magni.jpeg',99873,'{\"owner\": \"Kiley Hammes\"}','2019-10-19 10:32:11','2020-04-25 12:10:18'),(7,1,4,'https://dropbox.com/vk/non.mp3',40756,'{\"owner\": \"Jasper Hilpert\"}','2014-04-18 14:31:04','2020-04-25 12:10:18'),(8,2,80,'https://dropbox.com/vk/aut.gif',94162,'{\"owner\": \"Heidi Metz\"}','2016-01-14 15:06:51','2020-04-25 12:10:18'),(9,3,87,'https://dropbox.com/vk/iste.mp3',38541,'{\"owner\": \"Haven Glover\"}','2017-03-26 11:05:08','2020-04-25 12:10:18'),(10,1,94,'https://dropbox.com/vk/voluptatem.gif',100222,'{\"owner\": \"Alivia Hodkiewicz\"}','2011-04-16 12:49:44','2020-04-25 12:10:18'),(11,2,11,'https://dropbox.com/vk/dolor.jpeg',75486,'{\"owner\": \"Karianne Lehner\"}','2017-03-27 18:13:52','2020-04-25 12:10:18'),(12,3,74,'https://dropbox.com/vk/aut.jpeg',66763,'{\"owner\": \"Esmeralda Swift\"}','2018-04-28 22:42:41','2020-04-25 12:10:18'),(13,1,33,'https://dropbox.com/vk/dolorem.gif',97358,'{\"owner\": \"Wendell Crooks\"}','2011-06-01 08:30:38','2020-04-25 12:10:18'),(14,2,45,'https://dropbox.com/vk/voluptatum.mp3',76500,'{\"owner\": \"Beverly Cole\"}','2013-05-23 14:14:51','2020-04-25 12:10:18'),(15,3,24,'https://dropbox.com/vk/at.gif',80427,'{\"owner\": \"Marcia Reynolds\"}','2017-06-25 21:33:38','2020-04-25 12:10:18'),(16,1,85,'https://dropbox.com/vk/quis.jpeg',62637,'{\"owner\": \"Uriel Mayert\"}','2012-07-11 16:26:55','2020-04-25 12:10:18'),(17,2,54,'https://dropbox.com/vk/quaerat.gif',61902,'{\"owner\": \"Tyler Funk\"}','2019-03-24 03:56:25','2020-04-25 12:10:18'),(18,3,15,'https://dropbox.com/vk/repudiandae.gif',11602,'{\"owner\": \"Houston Kovacek\"}','2018-05-07 13:20:13','2020-04-25 12:10:18'),(19,1,13,'https://dropbox.com/vk/quam.jpeg',62305,'{\"owner\": \"Katelin Greenholt\"}','2017-06-13 08:41:09','2020-04-25 12:10:18'),(20,2,20,'https://dropbox.com/vk/sed.mp3',66720,'{\"owner\": \"Granville Hermiston\"}','2018-06-10 16:10:11','2020-04-25 12:10:18'),(21,3,58,'https://dropbox.com/vk/nostrum.gif',36684,'{\"owner\": \"Eladio Bartoletti\"}','2012-07-28 09:41:33','2020-04-25 12:10:18'),(22,1,30,'https://dropbox.com/vk/similique.mp3',73261,'{\"owner\": \"Reyes Walter\"}','2020-01-12 19:44:21','2020-04-25 12:10:18'),(23,2,75,'https://dropbox.com/vk/porro.jpeg',46253,'{\"owner\": \"Braeden Effertz\"}','2017-05-21 07:24:00','2020-04-25 12:10:18'),(24,3,86,'https://dropbox.com/vk/ipsam.mp3',101484,'{\"owner\": \"Garland Feil\"}','2020-03-26 22:57:51','2020-04-25 12:10:18'),(25,1,3,'https://dropbox.com/vk/iste.jpeg',58662,'{\"owner\": \"Theodora Bergstrom\"}','2017-07-18 23:11:15','2020-04-25 12:10:18'),(26,2,59,'https://dropbox.com/vk/dolorem.gif',78856,'{\"owner\": \"Wilmer Bradtke\"}','2010-07-17 02:48:54','2020-04-25 12:10:18'),(27,3,85,'https://dropbox.com/vk/unde.mp3',108295,'{\"owner\": \"Uriel Mayert\"}','2010-06-19 11:14:37','2020-04-25 12:10:18'),(28,1,45,'https://dropbox.com/vk/dolor.mp3',94906,'{\"owner\": \"Beverly Cole\"}','2019-04-26 02:19:12','2020-04-25 12:10:18'),(29,2,72,'https://dropbox.com/vk/dolorum.mp3',39647,'{\"owner\": \"Millie Homenick\"}','2011-05-17 19:02:35','2020-04-25 12:10:18'),(30,3,23,'https://dropbox.com/vk/enim.jpeg',103516,'{\"owner\": \"Anthony Quigley\"}','2011-02-01 17:26:14','2020-04-25 12:10:18'),(31,1,97,'https://dropbox.com/vk/ut.mp3',88642,'{\"owner\": \"George Toy\"}','2012-03-14 22:32:33','2020-04-25 12:10:18'),(32,2,17,'https://dropbox.com/vk/iure.mp3',22663,'{\"owner\": \"Neva Hauck\"}','2011-04-26 07:14:57','2020-04-25 12:10:18'),(33,3,94,'https://dropbox.com/vk/deleniti.mp3',37387,'{\"owner\": \"Alivia Hodkiewicz\"}','2010-12-17 09:21:50','2020-04-25 12:10:18'),(34,1,18,'https://dropbox.com/vk/officiis.gif',108946,'{\"owner\": \"Mavis Greenholt\"}','2018-09-14 04:03:12','2020-04-25 12:10:18'),(35,2,8,'https://dropbox.com/vk/tempora.mp3',22572,'{\"owner\": \"Kirsten Abshire\"}','2016-12-05 08:32:15','2020-04-25 12:10:18'),(36,3,86,'https://dropbox.com/vk/molestias.jpeg',76020,'{\"owner\": \"Garland Feil\"}','2019-07-27 23:12:15','2020-04-25 12:10:18'),(37,1,7,'https://dropbox.com/vk/culpa.jpeg',102384,'{\"owner\": \"Fletcher Schmidt\"}','2010-12-06 00:10:57','2020-04-25 12:10:18'),(38,2,74,'https://dropbox.com/vk/velit.jpeg',73863,'{\"owner\": \"Esmeralda Swift\"}','2011-01-04 12:47:06','2020-04-25 12:10:18'),(39,3,51,'https://dropbox.com/vk/earum.jpeg',52164,'{\"owner\": \"Sadye Emmerich\"}','2012-09-16 11:17:05','2020-04-25 12:10:18'),(40,1,32,'https://dropbox.com/vk/qui.mp3',29232,'{\"owner\": \"Jayme Wunsch\"}','2010-08-09 10:45:34','2020-04-25 12:10:18'),(41,2,7,'https://dropbox.com/vk/itaque.mp3',79667,'{\"owner\": \"Fletcher Schmidt\"}','2011-05-30 23:39:03','2020-04-25 12:10:18'),(42,3,38,'https://dropbox.com/vk/eaque.mp3',100639,'{\"owner\": \"Rosalee Spinka\"}','2014-01-12 00:57:17','2020-04-25 12:10:18'),(43,1,68,'https://dropbox.com/vk/at.jpeg',54195,'{\"owner\": \"Julio Shanahan\"}','2018-07-07 09:02:29','2020-04-25 12:10:18'),(44,2,27,'https://dropbox.com/vk/quia.mp3',59057,'{\"owner\": \"Luna Hauck\"}','2018-01-03 01:06:19','2020-04-25 12:10:18'),(45,3,29,'https://dropbox.com/vk/architecto.mp3',22701,'{\"owner\": \"Leilani Ledner\"}','2019-04-29 19:42:12','2020-04-25 12:10:18'),(46,1,63,'https://dropbox.com/vk/officiis.jpeg',26334,'{\"owner\": \"Jared Howe\"}','2011-11-25 05:31:08','2020-04-25 12:10:18'),(47,2,30,'https://dropbox.com/vk/est.mp3',53570,'{\"owner\": \"Reyes Walter\"}','2011-08-04 17:28:42','2020-04-25 12:10:18'),(48,3,59,'https://dropbox.com/vk/repellat.gif',78847,'{\"owner\": \"Wilmer Bradtke\"}','2011-05-24 07:09:42','2020-04-25 12:10:18'),(49,1,7,'https://dropbox.com/vk/ut.mp3',23525,'{\"owner\": \"Fletcher Schmidt\"}','2015-01-16 01:10:47','2020-04-25 12:10:18'),(50,2,54,'https://dropbox.com/vk/ea.mp3',71083,'{\"owner\": \"Tyler Funk\"}','2014-09-05 22:56:13','2020-04-25 12:10:18'),(51,3,51,'https://dropbox.com/vk/qui.jpeg',74843,'{\"owner\": \"Sadye Emmerich\"}','2012-04-24 00:16:51','2020-04-25 12:10:18'),(52,1,90,'https://dropbox.com/vk/quaerat.mp3',50966,'{\"owner\": \"Maryjane Bechtelar\"}','2014-08-15 20:49:38','2020-04-25 12:10:18'),(53,2,96,'https://dropbox.com/vk/facere.jpeg',20302,'{\"owner\": \"Golden Schimmel\"}','2018-03-14 03:16:49','2020-04-25 12:10:18'),(54,3,11,'https://dropbox.com/vk/atque.jpeg',38612,'{\"owner\": \"Karianne Lehner\"}','2015-08-29 18:39:04','2020-04-25 12:10:18'),(55,1,66,'https://dropbox.com/vk/officia.mp3',22153,'{\"owner\": \"Alaina Zemlak\"}','2019-04-21 04:03:31','2020-04-25 12:10:18'),(56,2,97,'https://dropbox.com/vk/et.gif',84930,'{\"owner\": \"George Toy\"}','2010-07-07 21:15:10','2020-04-25 12:10:18'),(57,3,88,'https://dropbox.com/vk/libero.jpeg',48194,'{\"owner\": \"Elsa O\'Reilly\"}','2011-10-27 02:32:26','2020-04-25 12:10:18'),(58,1,48,'https://dropbox.com/vk/ea.mp3',76178,'{\"owner\": \"Lynn Weissnat\"}','2010-07-26 16:03:45','2020-04-25 12:10:18'),(59,2,76,'https://dropbox.com/vk/occaecati.gif',26309,'{\"owner\": \"Aurelia Christiansen\"}','2015-11-20 18:29:44','2020-04-25 12:10:18'),(60,3,35,'https://dropbox.com/vk/assumenda.jpeg',93010,'{\"owner\": \"Hellen Torphy\"}','2010-05-22 04:43:08','2020-04-25 12:10:18'),(61,1,48,'https://dropbox.com/vk/quo.gif',76123,'{\"owner\": \"Lynn Weissnat\"}','2017-02-01 17:08:34','2020-04-25 12:10:18'),(62,2,34,'https://dropbox.com/vk/hic.gif',91586,'{\"owner\": \"Myra Hudson\"}','2010-12-10 10:23:09','2020-04-25 12:10:18'),(63,3,23,'https://dropbox.com/vk/similique.gif',19562,'{\"owner\": \"Anthony Quigley\"}','2014-02-16 12:00:24','2020-04-25 12:10:18'),(64,1,16,'https://dropbox.com/vk/officia.jpeg',13052,'{\"owner\": \"Kennith Pfannerstill\"}','2013-09-04 21:34:29','2020-04-25 12:10:18'),(65,2,9,'https://dropbox.com/vk/voluptate.jpeg',96574,'{\"owner\": \"Eldridge Pfannerstill\"}','2014-11-30 09:32:04','2020-04-25 12:10:18'),(66,3,97,'https://dropbox.com/vk/veritatis.jpeg',33716,'{\"owner\": \"George Toy\"}','2010-11-05 11:59:32','2020-04-25 12:10:18'),(67,1,59,'https://dropbox.com/vk/dicta.mp3',68858,'{\"owner\": \"Wilmer Bradtke\"}','2013-01-15 21:56:48','2020-04-25 12:10:18'),(68,2,2,'https://dropbox.com/vk/et.gif',33140,'{\"owner\": \"Brenda Upton\"}','2013-06-11 07:32:16','2020-04-25 12:10:18'),(69,3,33,'https://dropbox.com/vk/et.mp3',49130,'{\"owner\": \"Wendell Crooks\"}','2011-12-20 08:09:56','2020-04-25 12:10:18'),(70,1,59,'https://dropbox.com/vk/totam.jpeg',36229,'{\"owner\": \"Wilmer Bradtke\"}','2020-04-01 22:45:48','2020-04-25 12:10:18'),(71,2,94,'https://dropbox.com/vk/sapiente.gif',23758,'{\"owner\": \"Alivia Hodkiewicz\"}','2017-05-21 13:13:14','2020-04-25 12:10:18'),(72,3,95,'https://dropbox.com/vk/est.jpeg',100101,'{\"owner\": \"Braulio Kutch\"}','2016-01-10 14:45:07','2020-04-25 12:10:18'),(73,1,90,'https://dropbox.com/vk/voluptatibus.gif',19230,'{\"owner\": \"Maryjane Bechtelar\"}','2011-06-21 10:27:12','2020-04-25 12:10:18'),(74,2,66,'https://dropbox.com/vk/voluptate.jpeg',85849,'{\"owner\": \"Alaina Zemlak\"}','2018-10-01 16:32:36','2020-04-25 12:10:18'),(75,3,57,'https://dropbox.com/vk/sunt.gif',61555,'{\"owner\": \"Jessie Lueilwitz\"}','2016-03-19 21:17:10','2020-04-25 12:10:18'),(76,1,89,'https://dropbox.com/vk/nemo.jpeg',40229,'{\"owner\": \"Kaycee Batz\"}','2010-06-08 16:10:17','2020-04-25 12:10:18'),(77,2,75,'https://dropbox.com/vk/qui.gif',106480,'{\"owner\": \"Braeden Effertz\"}','2013-10-24 07:59:15','2020-04-25 12:10:18'),(78,3,4,'https://dropbox.com/vk/illum.mp3',101714,'{\"owner\": \"Jasper Hilpert\"}','2014-11-05 06:52:33','2020-04-25 12:10:18'),(79,1,97,'https://dropbox.com/vk/odit.gif',79128,'{\"owner\": \"George Toy\"}','2014-07-26 18:17:28','2020-04-25 12:10:18'),(80,2,72,'https://dropbox.com/vk/porro.jpeg',80502,'{\"owner\": \"Millie Homenick\"}','2015-03-21 17:25:18','2020-04-25 12:10:18'),(81,3,70,'https://dropbox.com/vk/aperiam.jpeg',55125,'{\"owner\": \"Wilma Wehner\"}','2017-09-07 03:09:38','2020-04-25 12:10:18'),(82,1,32,'https://dropbox.com/vk/voluptatum.jpeg',24119,'{\"owner\": \"Jayme Wunsch\"}','2010-07-23 04:26:28','2020-04-25 12:10:18'),(83,2,51,'https://dropbox.com/vk/praesentium.gif',45222,'{\"owner\": \"Sadye Emmerich\"}','2014-10-29 16:11:47','2020-04-25 12:10:18'),(84,3,57,'https://dropbox.com/vk/dolores.gif',43751,'{\"owner\": \"Jessie Lueilwitz\"}','2012-09-21 09:00:35','2020-04-25 12:10:18'),(85,1,33,'https://dropbox.com/vk/officiis.jpeg',73092,'{\"owner\": \"Wendell Crooks\"}','2012-07-21 03:23:52','2020-04-25 12:10:18'),(86,2,93,'https://dropbox.com/vk/velit.mp3',24208,'{\"owner\": \"Leonel Skiles\"}','2015-04-14 18:36:40','2020-04-25 12:10:18'),(87,3,66,'https://dropbox.com/vk/et.mp3',91762,'{\"owner\": \"Alaina Zemlak\"}','2012-07-29 12:38:46','2020-04-25 12:10:18'),(88,1,51,'https://dropbox.com/vk/vitae.jpeg',76187,'{\"owner\": \"Sadye Emmerich\"}','2017-11-01 22:34:53','2020-04-25 12:10:18'),(89,2,57,'https://dropbox.com/vk/aut.jpeg',95648,'{\"owner\": \"Jessie Lueilwitz\"}','2016-02-14 07:43:39','2020-04-25 12:10:18'),(90,3,31,'https://dropbox.com/vk/cumque.jpeg',39682,'{\"owner\": \"Ervin Kassulke\"}','2020-02-20 14:07:16','2020-04-25 12:10:18'),(91,1,83,'https://dropbox.com/vk/maiores.gif',101467,'{\"owner\": \"Gretchen Goodwin\"}','2011-03-24 05:34:27','2020-04-25 12:10:18'),(92,2,22,'https://dropbox.com/vk/repellendus.gif',78287,'{\"owner\": \"Aiyana Okuneva\"}','2019-01-29 14:37:57','2020-04-25 12:10:18'),(93,3,61,'https://dropbox.com/vk/qui.gif',77035,'{\"owner\": \"Guadalupe Hermann\"}','2017-05-18 20:07:32','2020-04-25 12:10:18'),(94,1,38,'https://dropbox.com/vk/expedita.gif',40317,'{\"owner\": \"Rosalee Spinka\"}','2017-11-29 06:43:14','2020-04-25 12:10:18'),(95,2,7,'https://dropbox.com/vk/qui.gif',60477,'{\"owner\": \"Fletcher Schmidt\"}','2015-03-11 02:43:48','2020-04-25 12:10:18'),(96,3,21,'https://dropbox.com/vk/nihil.mp3',71438,'{\"owner\": \"Destin Rutherford\"}','2019-08-28 07:00:22','2020-04-25 12:10:18'),(97,1,83,'https://dropbox.com/vk/est.mp3',65756,'{\"owner\": \"Gretchen Goodwin\"}','2013-09-29 21:57:55','2020-04-25 12:10:18'),(98,2,53,'https://dropbox.com/vk/excepturi.jpeg',104468,'{\"owner\": \"Clay Beer\"}','2015-02-16 03:05:12','2020-04-25 12:10:18'),(99,3,13,'https://dropbox.com/vk/blanditiis.gif',15074,'{\"owner\": \"Katelin Greenholt\"}','2018-03-26 13:48:41','2020-04-25 12:10:18'),(100,1,5,'https://dropbox.com/vk/minima.gif',51965,'{\"owner\": \"Kim Feil\"}','2019-12-04 02:11:47','2020-04-25 12:10:18');
/*!40000 ALTER TABLE `media` ENABLE KEYS */;
UNLOCK TABLES;

--
-- Table structure for table `media_types`
--

DROP TABLE IF EXISTS `media_types`;
/*!40101 SET @saved_cs_client     = @@character_set_client */;
/*!50503 SET character_set_client = utf8mb4 */;
CREATE TABLE `media_types` (
  `id` int unsigned NOT NULL AUTO_INCREMENT,
  `name` varchar(255) CHARACTER SET utf8 COLLATE utf8_unicode_ci NOT NULL,
  PRIMARY KEY (`id`),
  UNIQUE KEY `name` (`name`)
) ENGINE=InnoDB AUTO_INCREMENT=4 DEFAULT CHARSET=utf8 COLLATE=utf8_unicode_ci;
/*!40101 SET character_set_client = @saved_cs_client */;

--
-- Dumping data for table `media_types`
--

LOCK TABLES `media_types` WRITE;
/*!40000 ALTER TABLE `media_types` DISABLE KEYS */;
INSERT INTO `media_types` VALUES (2,' photo'),(3,' video'),(1,'music');
/*!40000 ALTER TABLE `media_types` ENABLE KEYS */;
UNLOCK TABLES;

--
-- Table structure for table `messages`
--

DROP TABLE IF EXISTS `messages`;
/*!40101 SET @saved_cs_client     = @@character_set_client */;
/*!50503 SET character_set_client = utf8mb4 */;
CREATE TABLE `messages` (
  `id` int unsigned NOT NULL AUTO_INCREMENT,
  `from_user_id` int unsigned NOT NULL,
  `to_user_id` int unsigned NOT NULL,
  `community_id` int unsigned NOT NULL,
  `body` text CHARACTER SET utf8 COLLATE utf8_unicode_ci NOT NULL,
  `is_important` tinyint(1) DEFAULT NULL,
  `is_delivered` tinyint(1) DEFAULT NULL,
  `created_at` datetime DEFAULT CURRENT_TIMESTAMP,
  PRIMARY KEY (`id`)
) ENGINE=InnoDB AUTO_INCREMENT=101 DEFAULT CHARSET=utf8 COLLATE=utf8_unicode_ci;
/*!40101 SET character_set_client = @saved_cs_client */;

--
-- Dumping data for table `messages`
--

LOCK TABLES `messages` WRITE;
/*!40000 ALTER TABLE `messages` DISABLE KEYS */;
INSERT INTO `messages` VALUES (1,42,67,1,'She was close behind it was addressed to the other, looking uneasily at the righthand bit again, and put it into his plate. Alice did not like to drop the jar for fear of their hearing her; and the.',0,1,'2020-04-15 14:27:28'),(2,11,50,2,'March Hare had just upset the week before. \'Oh, I beg your pardon!\' cried Alice hastily, afraid that she was trying to explain the mistake it had come back again, and she thought there was hardly.',1,1,'2020-03-23 04:48:12'),(3,20,47,3,'I am in the chimney as she could, for the fan and gloves--that is, if I must, I must,\' the King triumphantly, pointing to Alice for some minutes. The Caterpillar and Alice was a table, with a.',0,0,'2020-04-07 22:39:34'),(4,75,32,4,'NOT marked \'poison,\' it is almost certain to disagree with you, sooner or later. However, this bottle does. I do hope it\'ll make me giddy.\' And then, turning to Alice, she went back to the table for.',0,0,'2020-04-02 06:01:42'),(5,37,89,5,'I COULD NOT SWIM--\" you can\'t be civil, you\'d better ask HER about it.\' \'She\'s in prison,\' the Queen said--\' \'Get to your places!\' shouted the Queen. \'I never thought about it,\' said Alice. \'Well, I.',0,0,'2020-04-03 01:44:39'),(6,30,86,6,'Hatter: \'let\'s all move one place on.\' He moved on as he spoke, \'we were trying--\' \'I see!\' said the Mock Turtle yawned and shut his eyes.--\'Tell her about the right size, that it was the King; and.',1,1,'2020-03-29 14:36:11'),(7,40,39,7,'Alice, and she crossed her hands up to the heads of the goldfish kept running in her pocket, and was going to shrink any further: she felt that she had found her way through the door, staring.',1,1,'2020-03-29 00:05:02'),(8,77,67,8,'The Hatter was out of a water-well,\' said the Gryphon. \'How the creatures wouldn\'t be so easily offended, you know!\' The Mouse did not seem to put everything upon Bill! I wouldn\'t say anything about.',0,0,'2020-04-12 06:12:06'),(9,4,18,9,'Alice. The King looked anxiously at the end.\' \'If you didn\'t like cats.\' \'Not like cats!\' cried the Mouse, in a great hurry to change the subject. \'Ten hours the first question, you know.\' He was an.',0,1,'2020-03-29 06:49:47'),(10,78,34,10,'Queen was silent. The Dormouse had closed its eyes were getting so far off). \'Oh, my poor little thing sobbed again (or grunted, it was all dark overhead; before her was another puzzling question;.',1,0,'2020-04-09 08:36:32'),(11,36,78,1,'The Cat only grinned a little timidly, \'why you are very dull!\' \'You ought to be true): If she should push the matter worse. You MUST have meant some mischief, or else you\'d have signed your name.',1,0,'2020-04-11 01:50:17'),(12,82,76,2,'VERY short remarks, and she jumped up on tiptoe, and peeped over the fire, and at once set to partners--\' \'--change lobsters, and retire in same order,\' continued the Gryphon. \'We can do no more,.',1,1,'2020-03-22 08:04:21'),(13,31,27,3,'I hadn\'t gone down that rabbit-hole--and yet--and yet--it\'s rather curious, you know, and he checked himself suddenly: the others looked round also, and all the unjust things--\' when his eye chanced.',0,0,'2020-03-21 12:03:21'),(14,41,23,4,'TWO little shrieks, and more faintly came, carried on the bank--the birds with draggled feathers, the animals with their heads!\' and the baby with some difficulty, as it went. So she began shrinking.',0,0,'2020-04-04 13:15:03'),(15,93,93,5,'When the Mouse was speaking, so that they had at the top of her head on her hand, watching the setting sun, and thinking of little birds and beasts, as well as she came in sight of the sort!\' said.',1,0,'2020-04-11 05:03:22'),(16,88,61,6,'Alice, \'but I must be off, and found that, as nearly as large as the question was evidently meant for her. \'Yes!\' shouted Alice. \'Come on, then!\' roared the Queen, in a soothing tone: \'don\'t be.',0,1,'2020-04-18 04:26:46'),(17,39,11,7,'I\'ve got back to the Queen, \'Really, my dear, I think?\' he said in a trembling voice:-- \'I passed by his face only, she would catch a bad cold if she was playing against herself, for she felt very.',0,1,'2020-04-17 21:09:36'),(18,39,59,8,'Alice soon began talking again. \'Dinah\'ll miss me very much to-night, I should think!\' (Dinah was the matter worse. You MUST have meant some mischief, or else you\'d have signed your name like an.',0,0,'2020-04-06 18:43:39'),(19,79,19,9,'I\'m afraid, sir\' said Alice, in a long, low hall, which was full of smoke from one of the court and got behind Alice as she did it so yet,\' said Alice; \'you needn\'t be so stingy about it, you know.\'.',1,1,'2020-04-11 18:26:16'),(20,57,26,10,'Normans--\" How are you getting on now, my dear?\' it continued, turning to the Gryphon. \'How the creatures order one about, and called out to sea as you can--\' \'Swim after them!\' screamed the Pigeon..',0,0,'2020-04-07 22:35:08'),(21,58,11,1,'Dormouse, who seemed too much pepper in my size; and as Alice could see this, as she ran; but the tops of the court. \'What do you call it purring, not growling,\' said Alice. \'Who\'s making personal.',0,1,'2020-03-29 20:11:18'),(22,82,76,2,'I suppose I ought to be two people. \'But it\'s no use speaking to it,\' she said to herself. At this moment the King, \'that saves a world of trouble, you know, with oh, such long curly brown hair! And.',0,0,'2020-04-09 16:23:00'),(23,35,47,3,'I\'ve got to the voice of thunder, and people began running about in the distance. \'And yet what a long silence after this, and after a few minutes, and began talking to herself, as usual. \'Come,.',0,1,'2020-03-31 20:19:55'),(24,30,9,4,'Gryphon at the great question is, what?\' The great question is, Who in the last few minutes, and began whistling. \'Oh, there\'s no use speaking to it,\' she thought, \'and hand round the hall, but they.',0,0,'2020-04-20 11:03:13'),(25,52,33,5,'Caterpillar. Alice thought the whole she thought it would,\' said the Pigeon the opportunity of adding, \'You\'re looking for eggs, as it could go, and making faces at him as he fumbled over the edge.',0,0,'2020-04-06 01:38:01'),(26,9,45,6,'The Mouse only shook its head down, and was surprised to see the earth takes twenty-four hours to turn into a tidy little room with a table in the wind, and the words \'EAT ME\' were beautifully.',0,0,'2020-03-25 20:43:47'),(27,96,48,7,'I grow up, I\'ll write one--but I\'m grown up now,\' she added in an offended tone, \'so I should think very likely true.) Down, down, down. There was no \'One, two, three, and away,\' but they were lying.',0,0,'2020-04-17 11:08:20'),(28,48,98,8,'SAID was, \'Why is a very curious thing, and longed to change the subject. \'Ten hours the first question, you know.\' Alice had not attended to this mouse? Everything is so out-of-the-way down here,.',0,1,'2020-03-28 12:51:49'),(29,45,29,9,'Alice; \'it\'s laid for a good opportunity for croqueting one of the jurymen. \'No, they\'re not,\' said Alice very meekly: \'I\'m growing.\' \'You\'ve no right to grow to my jaw, Has lasted the rest of the.',0,1,'2020-03-28 18:32:02'),(30,8,56,10,'So she was to eat the comfits: this caused some noise and confusion, as the jury had a vague sort of chance of her voice, and the poor little Lizard, Bill, was in a melancholy tone: \'it doesn\'t seem.',1,0,'2020-03-30 22:45:00'),(31,54,3,1,'Normans--\" How are you getting on now, my dear?\' it continued, turning to Alice. \'What IS a Caucus-race?\' said Alice; \'living at the top of it. She went in without knocking, and hurried off at once,.',1,0,'2020-03-26 15:03:11'),(32,52,52,2,'SOMETHING interesting is sure to make SOME change in my size; and as the March Hare. \'It was much pleasanter at home,\' thought poor Alice, who always took a great letter, nearly as large as the.',0,1,'2020-04-17 14:19:22'),(33,2,53,3,'Alice said; \'there\'s a large mushroom growing near her, she began, rather timidly, as she spoke. \'I must go by the end of half an hour or so, and were resting in the sea. But they HAVE their tails.',0,1,'2020-03-26 20:49:17'),(34,57,27,4,'But said I didn\'t!\' interrupted Alice. \'You did,\' said the Mouse. \'Of course,\' the Mock Turtle went on. \'I do,\' Alice hastily replied; \'at least--at least I know I do!\' said Alice in a day is very.',0,1,'2020-04-10 08:36:55'),(35,63,35,5,'Gryphon. \'I\'ve forgotten the little golden key was too late to wish that! She went on again: \'Twenty-four hours, I THINK; or is it directed to?\' said the Mock Turtle. \'Hold your tongue!\' added the.',1,0,'2020-03-31 12:02:27'),(36,84,16,6,'YOUR table,\' said Alice; \'it\'s laid for a minute, nurse! But I\'ve got to come down the middle, nursing a baby; the cook tulip-roots instead of the court. \'What do you mean by that?\' said the King..',0,0,'2020-04-16 23:19:51'),(37,29,93,7,'Please, Ma\'am, is this New Zealand or Australia?\' (and she tried to get in?\' \'There might be some sense in your knocking,\' the Footman continued in the morning, just time to see the Mock Turtle.',1,0,'2020-03-21 11:07:20'),(38,80,21,8,'Alice panted as she could see, when she next peeped out the proper way of settling all difficulties, great or small. \'Off with their heads down! I am in the wood, \'is to grow up again! Let me see:.',1,0,'2020-04-04 13:34:03'),(39,64,57,9,'Footman went on so long since she had known them all her coaxing. Hardly knowing what she was appealed to by the end of trials, \"There was some attempts at applause, which was sitting between them,.',1,1,'2020-03-20 22:28:00'),(40,92,90,10,'I eat\" is the use of a dance is it?\' Alice panted as she spoke. \'I must be removed,\' said the Gryphon. \'Turn a somersault in the night? Let me think: was I the same age as herself, to see what I was.',1,0,'2020-03-24 07:23:10'),(41,71,87,1,'Cat. \'I don\'t think--\' \'Then you should say what you mean,\' said Alice. \'Then it doesn\'t matter a bit,\' said the King say in a deep, hollow tone: \'sit down, both of you, and must know better\'; and.',0,1,'2020-04-09 07:33:36'),(42,21,42,2,'Dinah, tell me who YOU are, first.\' \'Why?\' said the Pigeon; \'but if they do, why then they\'re a kind of authority over Alice. \'Stand up and saying, \'Thank you, sir, for your interesting story,\' but.',0,0,'2020-04-17 19:50:46'),(43,48,13,3,'Alice, and she sat on, with closed eyes, and feebly stretching out one paw, trying to invent something!\' \'I--I\'m a little girl or a serpent?\' \'It matters a good deal frightened by this time, sat.',1,1,'2020-04-10 23:34:20'),(44,20,61,4,'Cheshire cats always grinned; in fact, a sort of circle, (\'the exact shape doesn\'t matter,\' it said,) and then said \'The fourth.\' \'Two days wrong!\' sighed the Hatter. Alice felt dreadfully puzzled..',0,1,'2020-04-07 22:16:50'),(45,44,36,5,'Her first idea was that it was sneezing and howling alternately without a moment\'s delay would cost them their lives. All the time she had tired herself out with his nose Trims his belt and his.',1,1,'2020-03-22 09:04:49'),(46,47,25,6,'I can\'t show it you myself,\' the Mock Turtle, and said to the garden with one eye, How the Owl had the door and found that it was growing, and growing, and growing, and very soon finished it off..',1,0,'2020-04-19 03:33:43'),(47,87,59,7,'ALL RETURNED FROM HIM TO YOU,\"\' said Alice. \'Well, I hardly know--No more, thank ye; I\'m better now--but I\'m a hatter.\' Here the other bit. Her chin was pressed hard against it, that attempt proved.',1,1,'2020-03-26 20:32:30'),(48,32,82,8,'And so it was a little shriek and a Canary called out to sea. So they went up to the Dormouse, without considering at all a proper way of expecting nothing but the Mouse heard this, it turned a.',0,1,'2020-03-26 18:18:13'),(49,14,25,9,'Alice; \'that\'s not at all know whether it was too much of it now in sight, hurrying down it. There could be NO mistake about it: it was the White Rabbit, with a little bit, and said to herself, as.',0,0,'2020-04-01 08:28:27'),(50,83,39,10,'A bright idea came into Alice\'s shoulder as she was playing against herself, for this curious child was very glad to do next, when suddenly a White Rabbit with pink eyes ran close by her. There was.',1,1,'2020-03-31 22:41:37'),(51,46,14,1,'The Dormouse shook its head to feel a little recovered from the Queen merely remarking as it was done. They had a head could be NO mistake about it: it was in the court!\' and the baby was howling so.',1,0,'2020-03-25 22:22:06'),(52,29,5,2,'Cat, \'if you don\'t like them raw.\' \'Well, be off, and that if you please! \"William the Conqueror, whose cause was favoured by the end of the lefthand bit. * * * * * * * * * * * * * * * * * * * * * *.',1,1,'2020-04-15 12:08:57'),(53,38,72,3,'Don\'t be all day to such stuff? Be off, or I\'ll kick you down stairs!\' \'That is not said right,\' said the Dormouse; \'--well in.\' This answer so confused poor Alice, who was talking. Alice could hear.',1,1,'2020-04-05 15:23:10'),(54,46,15,4,'Hatter went on so long that they couldn\'t see it?\' So she tucked her arm affectionately into Alice\'s, and they sat down, and felt quite strange at first; but she stopped hastily, for the Duchess to.',1,1,'2020-03-20 23:45:25'),(55,35,31,5,'Nobody moved. \'Who cares for fish, Game, or any other dish? Who would not join the dance. Would not, could not, could not, would not open any of them. However, on the floor, and a long breath, and.',0,0,'2020-04-10 02:34:31'),(56,49,53,6,'I\'ll never go THERE again!\' said Alice very humbly: \'you had got its neck nicely straightened out, and was going to turn into a conversation. Alice replied, so eagerly that the cause of this was her.',0,1,'2020-04-01 11:31:26'),(57,15,15,7,'You know the meaning of half an hour or so, and giving it something out of court! Suppress him! Pinch him! Off with his head!\' she said, without even waiting to put down yet, before the trial\'s.',0,0,'2020-04-19 11:11:25'),(58,30,3,8,'King, going up to her to wink with one foot. \'Get up!\' said the King, \'or I\'ll have you got in as well,\' the Hatter were having tea at it: a Dormouse was sitting on the top of its mouth, and.',0,0,'2020-04-05 09:32:16'),(59,25,16,9,'White Rabbit returning, splendidly dressed, with a table in the act of crawling away: besides all this, there was a sound of a book,\' thought Alice to herself. \'Shy, they seem to encourage the.',1,1,'2020-04-06 16:20:16'),(60,6,82,10,'Father William replied to his ear. Alice considered a little girl,\' said Alice, \'and if it thought that it was an old Crab took the opportunity of taking it away. She did not at all this grand.',1,0,'2020-04-18 09:02:55'),(61,91,7,1,'Queen, turning purple. \'I won\'t!\' said Alice. \'Why, you don\'t like them raw.\' \'Well, be off, and Alice rather unwillingly took the hookah out of sight. Alice remained looking thoughtfully at the.',0,1,'2020-04-03 07:37:19'),(62,62,89,2,'Alice. \'Then it doesn\'t matter which way she put one arm out of the window, I only knew the meaning of it in large letters. It was the only one who had meanwhile been examining the roses. \'Off with.',1,0,'2020-04-08 19:50:58'),(63,57,20,3,'King, looking round the rosetree; for, you see, because some of them say, \'Look out now, Five! Don\'t go splashing paint over me like a steam-engine when she had read about them in books, and she.',0,0,'2020-04-16 01:44:28'),(64,27,75,4,'Normans--\" How are you getting on now, my dear?\' it continued, turning to the Classics master, though. He was looking for them, and he went on all the jelly-fish out of its voice. \'Back to land.',0,0,'2020-04-09 17:04:25'),(65,92,35,5,'Mock Turtle yawned and shut his eyes.--\'Tell her about the twentieth time that day. \'A likely story indeed!\' said the Duchess, as she said to herself in the common way. So they went on eagerly:.',1,0,'2020-04-09 05:29:10'),(66,97,82,6,'Who ever saw in my own tears! That WILL be a footman because he taught us,\' said the Caterpillar. Alice folded her hands, and she hurried out of a well--\' \'What did they draw?\' said Alice, who.',0,1,'2020-04-16 00:47:38'),(67,17,40,7,'This was such a long time together.\' \'Which is just the case with my wife; And the muscular strength, which it gave to my boy, I beat him when he pleases!\' CHORUS. \'Wow! wow! wow!\' While the Owl had.',1,0,'2020-04-04 18:51:21'),(68,50,27,8,'Alice hastily replied; \'at least--at least I mean what I see\"!\' \'You might just as well look and see that she had found her way out. \'I shall sit here,\' the Footman went on without attending to her;.',1,1,'2020-03-23 16:41:28'),(69,84,38,9,'Alice, \'when one wasn\'t always growing larger and smaller, and being ordered about by mice and rabbits. I almost wish I\'d gone to see what this bottle does. I do it again and again.\' \'You are old,\'.',0,0,'2020-04-17 16:48:56'),(70,40,85,10,'Dormouse said--\' the Hatter said, turning to Alice, and she said to herself, \'whenever I eat or drink under the table: she opened the door and found that her flamingo was gone in a wondering tone..',1,1,'2020-04-17 04:09:49'),(71,3,62,1,'Mock Turtle in a very long silence, broken only by an occasional exclamation of \'Hjckrrh!\' from the trees upon her face. \'Very,\' said Alice: \'three inches is such a nice little dog near our house I.',0,1,'2020-04-13 18:11:17'),(72,99,7,2,'Bill had left off sneezing by this very sudden change, but very glad she had quite a commotion in the last concert!\' on which the words \'EAT ME\' were beautifully marked in currants. \'Well, I\'ll eat.',1,0,'2020-04-05 20:16:19'),(73,39,73,3,'Alice was thoroughly puzzled. \'Does the boots and shoes!\' she repeated in a hoarse growl, \'the world would go through,\' thought poor Alice, and looking at everything about her, to pass away the.',1,1,'2020-03-27 20:24:58'),(74,48,22,4,'Lizard\'s slate-pencil, and the other arm curled round her at the end of trials, \"There was some attempts at applause, which was the White Rabbit, who said in a great many teeth, so she went nearer.',0,0,'2020-03-28 12:54:00'),(75,65,56,5,'King exclaimed, turning to Alice as he spoke, and then they both cried. \'Wake up, Alice dear!\' said her sister; \'Why, what are YOUR shoes done with?\' said the Hatter. \'It isn\'t mine,\' said the.',0,1,'2020-03-29 12:25:24'),(76,87,65,6,'Alice remained looking thoughtfully at the Footman\'s head: it just now.\' \'It\'s the oldest rule in the wood, \'is to grow larger again, and Alice looked very anxiously into its eyes were getting so.',0,1,'2020-04-02 07:09:30'),(77,66,34,7,'NOT marked \'poison,\' so Alice ventured to say. \'What is his sorrow?\' she asked the Gryphon, \'that they WOULD go with Edgar Atheling to meet William and offer him the crown. William\'s conduct at.',1,0,'2020-04-12 05:01:37'),(78,69,45,8,'I know all the first position in dancing.\' Alice said; \'there\'s a large cauldron which seemed to be Involved in this affair, He trusts to you never had fits, my dear, YOU must cross-examine the next.',1,0,'2020-04-20 14:55:10'),(79,16,46,9,'I think I must go and get in at once.\' And in she went. Once more she found to be patted on the slate. \'Herald, read the accusation!\' said the Dormouse; \'--well in.\' This answer so confused poor.',0,1,'2020-04-03 12:03:21'),(80,79,58,10,'Duchess\'s voice died away, even in the sky. Twinkle, twinkle--\"\' Here the Queen was to eat or drink something or other; but the Hatter grumbled: \'you shouldn\'t have put it to his son, \'I feared it.',0,1,'2020-04-15 05:36:27'),(81,53,89,1,'There were doors all round the court and got behind him, and very soon finished it off. * * * \'Come, my head\'s free at last!\' said Alice to find my way into a tree. \'Did you speak?\' \'Not I!\' he.',0,1,'2020-04-06 00:48:55'),(82,84,55,2,'The Panther took pie-crust, and gravy, and meat, While the Panther received knife and fork with a table in the direction it pointed to, without trying to invent something!\' \'I--I\'m a little.',1,0,'2020-04-01 05:16:44'),(83,20,38,3,'Queen. \'Their heads are gone, if it had lost something; and she went on, \'What HAVE you been doing here?\' \'May it please your Majesty?\' he asked. \'Begin at the Duchess sang the second time round,.',0,1,'2020-03-22 12:43:55'),(84,27,23,4,'So she began fancying the sort of lullaby to it in asking riddles that have no idea how confusing it is I hate cats and dogs.\' It was the cat.) \'I hope they\'ll remember her saucer of milk at.',1,0,'2020-04-14 23:57:19'),(85,33,96,5,'Go on!\' \'I\'m a poor man,\' the Hatter said, turning to Alice severely. \'What are they made of?\' \'Pepper, mostly,\' said the March Hare said in a sulky tone, as it was an immense length of neck, which.',0,1,'2020-04-09 04:53:30'),(86,79,8,6,'Alice alone with the edge with each hand. \'And now which is which?\' she said to live. \'I\'ve seen hatters before,\' she said to Alice, \'Have you seen the Mock Turtle sighed deeply, and drew the back.',1,1,'2020-04-03 18:45:17'),(87,4,93,7,'Alice knew it was talking in a loud, indignant voice, but she saw in another minute there was not here before,\' said the Gryphon went on, \'and most of \'em do.\' \'I don\'t see how he can thoroughly.',0,1,'2020-03-28 15:27:01'),(88,51,79,8,'Alice opened the door that led into the roof of the trees had a head unless there was a little worried. \'Just about as she spoke, but no result seemed to be told so. \'It\'s really dreadful,\' she.',0,1,'2020-04-06 04:31:47'),(89,41,66,9,'In the very middle of her own ears for having cheated herself in a shrill, passionate voice. \'Would YOU like cats if you want to be?\' it asked. \'Oh, I\'m not used to it!\' pleaded poor Alice. \'But.',0,0,'2020-03-29 02:28:02'),(90,7,35,10,'King, rubbing his hands; \'so now let the jury--\' \'If any one left alive!\' She was moving them about as curious as it can\'t possibly make me larger, it must be a person of authority among them,.',1,1,'2020-04-12 18:09:04'),(91,56,72,1,'Mary Ann, and be turned out of sight, they were nice grand words to say.) Presently she began shrinking directly. As soon as it can be,\' said the Rabbit asked. \'No, I give you fair warning,\' shouted.',1,0,'2020-03-21 17:09:11'),(92,94,54,2,'Bill\'s got the other--Bill! fetch it here, lad!--Here, put \'em up at this moment the King, and he says it\'s so useful, it\'s worth a hundred pounds! He says it kills all the way down one side and up.',1,0,'2020-04-03 15:06:30'),(93,85,64,3,'The Hatter was the Cat went on, \'What HAVE you been doing here?\' \'May it please your Majesty,\' said Two, in a tone of great curiosity. \'Soles and eels, of course,\' he said to the Gryphon. \'They.',0,0,'2020-03-24 11:46:22'),(94,63,23,4,'March Hare. \'Sixteenth,\' added the Dormouse. \'Fourteenth of March, I think you\'d better finish the story for yourself.\' \'No, please go on!\' Alice said with some difficulty, as it didn\'t sound at all.',0,0,'2020-03-23 15:13:16'),(95,27,63,5,'Alice glanced rather anxiously at the Queen, tossing her head through the little golden key, and Alice\'s elbow was pressed hard against it, that attempt proved a failure. Alice heard the Queen.',0,0,'2020-03-30 04:07:09'),(96,33,76,6,'King added in an offended tone, and she went on. Her listeners were perfectly quiet till she heard one of the day; and this Alice would not stoop? Soup of the jurors were all turning into little.',0,0,'2020-04-09 16:15:06'),(97,80,72,7,'WHAT?\' thought Alice; \'I must be really offended. \'We won\'t talk about her pet: \'Dinah\'s our cat. And she\'s such a rule at processions; \'and besides, what would happen next. The first thing I\'ve got.',0,1,'2020-04-05 01:28:57'),(98,20,85,8,'The twelve jurors were all in bed!\' On various pretexts they all crowded together at one and then they both cried. \'Wake up, Alice dear!\' said her sister; \'Why, what are they doing?\' Alice whispered.',0,1,'2020-04-08 08:57:36'),(99,62,56,9,'Mary Ann, what ARE you doing out here? Run home this moment, I tell you, you coward!\' and at last in the trial done,\' she thought, \'and hand round the refreshments!\' But there seemed to be rude, so.',0,1,'2020-04-05 12:18:28'),(100,95,5,10,'Alice said with a great crash, as if she did not answer, so Alice went timidly up to her daughter \'Ah, my dear! Let this be a letter, written by the carrier,\' she thought; \'and how funny it\'ll seem.',0,1,'2020-04-20 15:16:31');
/*!40000 ALTER TABLE `messages` ENABLE KEYS */;
UNLOCK TABLES;

--
-- Table structure for table `profiles`
--

DROP TABLE IF EXISTS `profiles`;
/*!40101 SET @saved_cs_client     = @@character_set_client */;
/*!50503 SET character_set_client = utf8mb4 */;
CREATE TABLE `profiles` (
  `user_id` int unsigned NOT NULL,
  `gender` char(1) CHARACTER SET utf8 COLLATE utf8_unicode_ci NOT NULL,
  `birthday` date DEFAULT NULL,
  `city` varchar(100) CHARACTER SET utf8 COLLATE utf8_unicode_ci DEFAULT NULL,
  `country` varchar(100) CHARACTER SET utf8 COLLATE utf8_unicode_ci DEFAULT NULL,
  `photo_id` int unsigned DEFAULT NULL,
  PRIMARY KEY (`user_id`)
) ENGINE=InnoDB DEFAULT CHARSET=utf8 COLLATE=utf8_unicode_ci;
/*!40101 SET character_set_client = @saved_cs_client */;

--
-- Dumping data for table `profiles`
--

LOCK TABLES `profiles` WRITE;
/*!40000 ALTER TABLE `profiles` DISABLE KEYS */;
INSERT INTO `profiles` VALUES (1,'f','1977-11-11','Nolanton','French Polynesia',NULL),(2,'m','2011-12-09','Port Travistown','Serbia',NULL),(3,'m','1999-01-27','East Ludieport','Barbados',NULL),(4,'f','1987-01-08','Starkhaven','Cook Islands',NULL),(5,'m','2020-02-27','Borerborough','Kiribati',NULL),(6,'f','1984-11-26','South Ahmad','Saint Kitts and Nevis',NULL),(7,'m','2007-11-22','East Luther','American Samoa',NULL),(8,'m','2017-04-16','Daughertyport','Panama',NULL),(9,'m','1973-01-07','Lake Providenci','Lithuania',NULL),(10,'m','2012-07-21','Dickinsonland','Liberia',NULL),(11,'m','1980-02-11','McClureburgh','Palau',NULL),(12,'f','1996-06-27','North Emmettchester','India',NULL),(13,'m','2005-11-09','Steviefurt','Aruba',NULL),(14,'f','1999-02-20','Lemkeburgh','Poland',NULL),(15,'f','1987-05-14','Johnniemouth','Saint Helena',NULL),(16,'f','1978-10-30','South Desmond','Japan',NULL),(17,'f','1998-12-15','East Maymie','Suriname',NULL),(18,'m','2000-06-13','New Zion','Cape Verde',NULL),(19,'m','2018-09-03','South Shaynahaven','France',NULL),(20,'f','1977-04-22','O\'Connellside','Ghana',NULL),(21,'m','1971-07-19','Ethelynside','Cote d\'Ivoire',NULL),(22,'f','1988-05-29','Shyannfort','Italy',NULL),(23,'m','2005-09-05','Lake Jeanne','El Salvador',NULL),(24,'m','1982-02-06','East Lilaton','Brunei Darussalam',NULL),(25,'f','1994-03-12','Port Shanonhaven','Ireland',NULL),(26,'m','1973-09-09','New Jackeline','Thailand',NULL),(27,'m','2004-06-10','Shanieborough','Kenya',NULL),(28,'f','2001-11-24','Huelfurt','Mexico',NULL),(29,'f','2007-03-15','Howebury','Trinidad and Tobago',NULL),(30,'m','1979-02-08','Sanfordstad','Panama',NULL),(31,'f','2015-02-21','Chelseaport','South Africa',NULL),(32,'m','1974-04-04','East Torranceton','Andorra',NULL),(33,'m','1999-06-29','Mireyahaven','Taiwan',NULL),(34,'m','1990-04-21','West Helmer','Chad',NULL),(35,'m','2005-08-12','Raushire','Puerto Rico',NULL),(36,'f','2012-06-22','Bernitaview','Bolivia',NULL),(37,'f','2012-07-03','Sageside','Bahamas',NULL),(38,'m','1994-07-19','Lake Tracy','Romania',NULL),(39,'m','2008-11-19','Magnolialand','Equatorial Guinea',NULL),(40,'f','1996-02-07','New Gabrielle','Kiribati',NULL),(41,'m','2014-01-03','Olenland','Portugal',NULL),(42,'f','2008-12-01','Lake Kaylabury','Macedonia',NULL),(43,'f','2003-05-11','New Lilyanfurt','Timor-Leste',NULL),(44,'f','2020-02-03','South Lorenza','Canada',NULL),(45,'m','2016-01-15','South Priceville','Latvia',NULL),(46,'m','1978-07-30','Neomaville','Mexico',NULL),(47,'f','2011-01-01','New Maribel','Haiti',NULL),(48,'f','1980-06-11','North Jesus','Tunisia',NULL),(49,'f','2019-08-06','Crooksview','Korea',NULL),(50,'f','1973-04-08','East Bryanaport','Peru',NULL),(51,'m','1976-09-24','North Elizabethmouth','San Marino',NULL),(52,'m','1970-10-11','Port Breana','Jamaica',NULL),(53,'m','1985-07-03','South Dexter','Tuvalu',NULL),(54,'m','2008-05-28','Port Wyman','Swaziland',NULL),(55,'m','1972-01-12','North Cornellhaven','Malawi',NULL),(56,'m','1990-10-14','West Janniebury','Norfolk Island',NULL),(57,'m','2011-05-26','Port Colinborough','Djibouti',NULL),(58,'f','1993-10-09','Lake Brandonborough','Canada',NULL),(59,'m','1974-08-05','Freddiemouth','Egypt',NULL),(60,'m','2008-11-15','Kuhicstad','Nauru',NULL),(61,'f','1994-03-05','Lake Victoria','Cameroon',NULL),(62,'m','1993-12-30','Andersontown','Senegal',NULL),(63,'f','1995-11-16','Edgardoburgh','Argentina',NULL),(64,'f','2007-11-09','New Syble','San Marino',NULL),(65,'f','1986-01-26','Turnerbury','New Zealand',NULL),(66,'m','2017-08-16','Agustinaland','Gabon',NULL),(67,'f','2018-08-20','Port Clairland','Cameroon',NULL),(68,'m','2008-10-31','East Tyson','San Marino',NULL),(69,'m','2012-01-23','Devanteside','Uganda',NULL),(70,'f','1992-12-27','Rosamondbury','Gambia',NULL),(71,'m','1973-12-06','Elainashire','Brunei Darussalam',NULL),(72,'m','2006-06-20','Uriahborough','Malaysia',NULL),(73,'m','2007-11-16','Gaetanoview','Belize',NULL),(74,'f','2008-10-15','East Mitchelview','Senegal',NULL),(75,'m','1975-07-02','Lake Alexandre','Cameroon',NULL),(76,'m','1972-06-10','East Jayde','Australia',NULL),(77,'f','1971-06-24','Medhursttown','Turkey',NULL),(78,'f','2016-01-11','Port Zora','Hungary',NULL),(79,'m','1986-01-15','Stehrfurt','Lithuania',NULL),(80,'f','2004-02-05','Gulgowskiton','Armenia',NULL),(81,'m','1974-01-26','Elzamouth','Western Sahara',NULL),(82,'m','1995-12-23','New Melissaton','Argentina',NULL),(83,'m','1980-06-06','East Myrtis','South Africa',NULL),(84,'f','2005-12-17','New Pierre','Grenada',NULL),(85,'f','2019-09-06','Nicolasstad','Jamaica',NULL),(86,'f','1998-01-30','Orvillemouth','France',NULL),(87,'f','1998-08-11','North Nedrabury','Ecuador',NULL),(88,'f','1979-05-23','West Nelleshire','Norfolk Island',NULL),(89,'f','2017-09-08','North Turner','Honduras',NULL),(90,'m','2004-07-08','Tryciaville','Norway',NULL),(91,'m','2002-06-21','Kaseyborough','Afghanistan',NULL),(92,'f','1979-04-19','Thadburgh','Poland',NULL),(93,'m','1973-04-03','West Saigeton','Andorra',NULL),(94,'m','2015-11-25','Port Hattie','French Guiana',NULL),(95,'m','1970-09-22','South Neil','Saudi Arabia',NULL),(96,'m','1975-12-21','New Carmellaport','Venezuela',NULL),(97,'f','2014-03-09','Shanahanhaven','Haiti',NULL),(98,'f','1986-12-24','North Dillonfort','Cocos (Keeling) Islands',NULL),(99,'m','2014-12-13','Rhiannaland','Taiwan',NULL),(100,'f','2015-04-21','Aliport','Dominica',NULL);
/*!40000 ALTER TABLE `profiles` ENABLE KEYS */;
UNLOCK TABLES;

--
-- Table structure for table `users`
--

DROP TABLE IF EXISTS `users`;
/*!40101 SET @saved_cs_client     = @@character_set_client */;
/*!50503 SET character_set_client = utf8mb4 */;
CREATE TABLE `users` (
  `id` int unsigned NOT NULL AUTO_INCREMENT,
  `first_name` varchar(100) CHARACTER SET utf8 COLLATE utf8_unicode_ci NOT NULL,
  `last_name` varchar(100) CHARACTER SET utf8 COLLATE utf8_unicode_ci NOT NULL,
  `email` varchar(120) CHARACTER SET utf8 COLLATE utf8_unicode_ci NOT NULL,
  `phone` varchar(120) CHARACTER SET utf8 COLLATE utf8_unicode_ci NOT NULL,
  `created_at` datetime DEFAULT CURRENT_TIMESTAMP,
  `updated_at` datetime DEFAULT CURRENT_TIMESTAMP ON UPDATE CURRENT_TIMESTAMP,
  PRIMARY KEY (`id`),
  UNIQUE KEY `email` (`email`),
  UNIQUE KEY `phone` (`phone`)
) ENGINE=InnoDB AUTO_INCREMENT=101 DEFAULT CHARSET=utf8 COLLATE=utf8_unicode_ci;
/*!40101 SET character_set_client = @saved_cs_client */;

--
-- Dumping data for table `users`
--

LOCK TABLES `users` WRITE;
/*!40000 ALTER TABLE `users` DISABLE KEYS */;
INSERT INTO `users` VALUES (1,'Mia','Kulas','adrienne74@example.com','769-358-1813x3533','2015-03-07 18:49:45','2020-04-25 10:16:23'),(2,'Brenda','Upton','velma54@example.org','228-466-1546x3747','2013-03-02 13:10:17','2013-05-30 17:50:36'),(3,'Theodora','Bergstrom','ogoldner@example.org','063-006-3692','2010-11-27 00:42:48','2017-08-29 01:59:39'),(4,'Jasper','Hilpert','jada.bahringer@example.com','910.935.8989x1745','2015-05-13 23:52:52','2017-07-29 21:09:30'),(5,'Kim','Feil','charley.hayes@example.org','764-407-3890','2019-10-27 11:46:47','2020-04-25 10:16:23'),(6,'Frederick','Schaden','dora81@example.org','(498)343-7460x2329','2013-10-21 06:46:41','2015-06-06 02:04:37'),(7,'Fletcher','Schmidt','jsimonis@example.com','441-180-1803','2011-05-25 04:44:42','2017-03-26 16:08:49'),(8,'Kirsten','Abshire','fae65@example.org','066-724-2320x1169','2019-06-23 22:49:18','2020-04-25 10:16:23'),(9,'Eldridge','Pfannerstill','jacinto17@example.org','895-056-1884x0702','2013-10-19 13:37:43','2016-09-25 12:28:59'),(10,'Stacy','Kassulke','emmerich.kay@example.org','1-307-677-0676x47576','2018-08-31 01:27:23','2020-04-25 10:16:23'),(11,'Karianne','Lehner','triston.hoppe@example.com','1-748-632-6864','2016-06-23 12:21:32','2018-09-25 19:06:55'),(12,'Alexzander','Ward','hkiehn@example.org','850-238-4579','2018-04-04 09:27:12','2020-04-25 10:16:23'),(13,'Katelin','Greenholt','gturcotte@example.org','(710)266-4667x929','2020-01-06 02:03:52','2020-04-25 10:16:23'),(14,'Eloisa','Feeney','emmerich.rico@example.com','164-910-8245','2016-01-16 03:59:47','2020-04-25 10:16:23'),(15,'Houston','Kovacek','hilbert18@example.org','(235)563-9549x9155','2013-07-22 13:59:38','2014-12-13 06:01:13'),(16,'Kennith','Pfannerstill','rogahn.rebeka@example.com','08796455090','2017-04-30 03:16:12','2020-04-25 10:16:23'),(17,'Neva','Hauck','sage33@example.com','1-522-387-1321x6801','2013-03-27 11:46:22','2019-11-30 18:05:01'),(18,'Mavis','Greenholt','jwiza@example.org','876-474-0912','2014-06-17 04:52:29','2017-03-06 03:56:45'),(19,'Russell','Abbott','constantin.baumbach@example.com','+73(8)4982825237','2014-11-15 05:15:35','2020-04-25 10:16:23'),(20,'Granville','Hermiston','hirthe.agustina@example.net','06312992715','2017-04-24 14:02:42','2020-04-25 10:16:23'),(21,'Destin','Rutherford','dicki.joanne@example.org','1-798-696-3626x375','2019-04-19 12:39:05','2020-04-25 10:16:23'),(22,'Aiyana','Okuneva','kautzer.general@example.net','779-088-4944x01999','2012-05-11 00:41:02','2015-09-09 17:00:10'),(23,'Anthony','Quigley','haleigh.o\'conner@example.net','1-990-543-5667x0165','2013-10-27 16:51:56','2020-04-25 10:16:23'),(24,'Marcia','Reynolds','nico.schinner@example.org','009-347-2172','2012-05-05 21:12:21','2020-04-25 10:16:23'),(25,'Maverick','Marquardt','matteo.stoltenberg@example.com','1-883-655-2102','2016-08-03 18:01:56','2018-04-14 02:22:30'),(26,'Carissa','Purdy','heathcote.rowan@example.net','(384)314-5037','2015-01-27 06:20:43','2020-04-25 10:16:23'),(27,'Luna','Hauck','alda.balistreri@example.org','(892)569-5066','2020-03-14 07:05:39','2020-04-25 10:16:23'),(28,'Karlie','Stamm','vilma.flatley@example.net','(723)455-9982','2016-03-21 05:12:31','2020-04-25 10:16:23'),(29,'Leilani','Ledner','kstehr@example.com','1-070-911-2931','2014-06-28 20:23:06','2018-10-11 11:39:54'),(30,'Reyes','Walter','macejkovic.eliza@example.com','+10(7)9086599435','2018-07-31 17:31:53','2020-04-25 10:16:23'),(31,'Ervin','Kassulke','german.jast@example.net','(319)686-6071','2011-04-02 06:03:08','2020-04-25 10:16:23'),(32,'Jayme','Wunsch','brekke.karli@example.org','01659125300','2018-04-25 15:17:36','2020-04-25 10:16:23'),(33,'Wendell','Crooks','mathew83@example.net','(679)444-3258x81221','2014-02-21 06:11:02','2020-04-25 10:16:23'),(34,'Myra','Hudson','emanuel.grady@example.net','288.774.4810x36128','2013-06-13 23:57:23','2020-04-25 10:16:23'),(35,'Hellen','Torphy','ihowe@example.net','969-081-5117x00128','2016-06-19 06:18:24','2016-07-28 18:59:01'),(36,'Veda','Morar','dkeebler@example.net','876-169-3948','2013-04-01 23:01:16','2015-10-19 12:31:36'),(37,'Annalise','Hauck','daugherty.hettie@example.com','(489)435-8166x31662','2018-12-24 04:23:29','2020-04-25 10:16:23'),(38,'Rosalee','Spinka','bins.helen@example.org','229-806-8242','2013-09-03 16:02:39','2020-04-25 10:16:23'),(39,'Brenden','Kertzmann','padberg.jayde@example.net','1-447-163-2619x56900','2016-04-18 01:37:04','2017-07-14 14:59:20'),(40,'Cordell','Rosenbaum','mabel26@example.net','647-110-3328x592','2017-12-17 09:43:33','2020-04-25 10:16:23'),(41,'Trycia','O\'Kon','o\'connell.sherwood@example.org','893-953-0362x1656','2011-06-25 04:53:30','2019-10-07 20:32:09'),(42,'Jordon','Bernier','kristian.wunsch@example.com','03547188489','2014-01-12 06:17:16','2019-09-17 18:08:36'),(43,'Roselyn','Herman','brenna20@example.org','01218327061','2013-06-28 22:51:29','2020-04-25 10:16:23'),(44,'Maxime','Kuhn','ullrich.chanelle@example.com','(101)370-8519','2011-12-11 07:28:39','2014-11-19 18:53:11'),(45,'Beverly','Cole','monroe86@example.com','333.560.9455','2015-07-27 02:53:07','2020-04-25 10:16:23'),(46,'Wellington','Davis','crystel.kunde@example.com','1-004-024-6692x35026','2016-01-08 05:23:53','2020-04-25 10:16:23'),(47,'Emilie','Stark','jakob94@example.com','(093)725-6739x8968','2011-03-06 23:20:54','2020-04-25 10:16:23'),(48,'Lynn','Weissnat','jessie64@example.org','642.054.1571','2014-12-05 14:37:28','2018-06-29 16:00:25'),(49,'Okey','Gottlieb','thayes@example.com','130.963.2712x8498','2015-08-19 05:06:48','2019-04-04 03:24:45'),(50,'Penelope','Yost','acormier@example.org','191.100.4194x9656','2013-10-31 01:43:24','2014-01-16 00:06:38'),(51,'Sadye','Emmerich','kulas.tiffany@example.com','546-906-1904','2018-11-01 16:30:24','2020-04-25 10:16:23'),(52,'Karlee','Durgan','sierra.gottlieb@example.net','1-115-663-2789','2017-12-23 17:13:11','2020-04-25 10:16:23'),(53,'Clay','Beer','nils85@example.org','721.107.3050x2047','2015-09-11 12:33:17','2017-07-15 00:43:44'),(54,'Tyler','Funk','dominic.pfannerstill@example.net','(337)215-4185x82259','2019-11-02 10:45:58','2020-04-25 10:16:23'),(55,'Erich','Osinski','allison.funk@example.org','807.101.3678x86843','2018-12-08 21:03:31','2020-04-25 10:16:23'),(56,'Jazmin','Cruickshank','madelyn86@example.com','(399)403-0977','2015-10-11 19:24:54','2020-04-25 10:16:23'),(57,'Jessie','Lueilwitz','arnaldo79@example.com','(981)106-9627','2014-01-11 02:16:02','2017-01-31 13:00:06'),(58,'Eladio','Bartoletti','eliza.bradtke@example.net','803.067.0227x87784','2012-11-18 09:24:18','2020-04-19 16:20:09'),(59,'Wilmer','Bradtke','brussel@example.com','09579344128','2011-04-29 21:58:59','2015-07-25 06:24:18'),(60,'Braulio','Armstrong','omarquardt@example.com','07165779190','2014-08-08 17:02:27','2019-02-15 16:09:24'),(61,'Guadalupe','Hermann','kutch.lysanne@example.org','865.186.6557x8760','2016-12-20 20:45:25','2020-04-25 10:16:23'),(62,'Myron','Monahan','era82@example.com','+14(6)9606075320','2017-10-25 23:47:23','2020-04-25 10:16:23'),(63,'Jared','Howe','lucius45@example.org','(786)980-4895','2016-12-10 12:23:56','2019-11-23 23:37:24'),(64,'Dwight','Homenick','eugenia.sawayn@example.com','857.204.7866x2912','2015-08-07 05:00:46','2020-04-25 10:16:23'),(65,'Tremayne','Sawayn','johanna08@example.com','1-554-037-5164x98606','2018-01-09 07:25:17','2020-04-25 10:16:23'),(66,'Alaina','Zemlak','stehr.mazie@example.net','1-326-376-4901x746','2011-05-05 06:27:19','2013-01-28 19:49:51'),(67,'Jeff','Zulauf','marcelo55@example.org','1-060-923-3674x83978','2011-10-09 21:19:25','2017-11-28 08:28:54'),(68,'Julio','Shanahan','darrick.robel@example.com','802.324.6270','2015-11-24 03:18:43','2020-04-25 10:16:23'),(69,'Eldon','Rogahn','mckenzie.opal@example.net','564-313-2951x189','2016-10-17 22:27:06','2020-04-25 10:16:23'),(70,'Wilma','Wehner','pjohnson@example.org','846.240.4406x4480','2018-01-09 05:43:39','2020-04-25 10:16:23'),(71,'Dan','Jacobs','marcia43@example.com','993.914.2637x7047','2019-01-09 04:56:46','2020-04-25 10:16:23'),(72,'Millie','Homenick','ltowne@example.net','+67(7)0330469763','2020-04-09 03:57:50','2020-04-25 10:16:23'),(73,'Isac','Hilpert','rosamond08@example.com','(791)146-7553x4767','2015-08-03 15:25:33','2015-08-25 05:48:50'),(74,'Esmeralda','Swift','myles32@example.net','957.577.6292x453','2012-10-06 00:57:54','2015-07-31 05:39:59'),(75,'Braeden','Effertz','shany.luettgen@example.org','(785)236-4743x0893','2018-04-21 06:32:05','2018-12-26 23:39:45'),(76,'Aurelia','Christiansen','aanderson@example.com','+14(1)7805269422','2019-12-24 15:48:46','2020-04-25 10:16:23'),(77,'Arlo','Cruickshank','marielle44@example.net','(502)955-5470x433','2019-01-21 19:06:25','2020-04-25 10:16:23'),(78,'Una','Towne','antone.powlowski@example.net','616.922.1729x6725','2016-12-08 12:16:40','2020-04-25 10:16:23'),(79,'Kiley','Hammes','lorenzo66@example.org','+71(9)6751879439','2017-10-13 16:47:48','2018-10-27 02:58:38'),(80,'Heidi','Metz','jovan16@example.org','1-993-578-4670','2017-03-11 08:42:18','2020-04-25 10:16:23'),(81,'Haleigh','Prohaska','ciara58@example.org','195-831-2946x7475','2016-07-18 02:39:49','2019-10-10 15:39:26'),(82,'Molly','Bashirian','julia.dooley@example.net','(413)261-0681','2017-11-05 06:00:05','2019-06-14 02:47:35'),(83,'Gretchen','Goodwin','roberbrunner@example.com','1-888-077-7904x9333','2012-02-23 16:46:40','2020-04-25 10:16:23'),(84,'Lia','Koelpin','mitchell.ashtyn@example.net','1-905-497-9931','2012-02-22 19:10:12','2020-04-25 10:16:23'),(85,'Uriel','Mayert','sophie.parisian@example.net','04447284463','2015-06-25 07:40:15','2020-04-25 10:16:23'),(86,'Garland','Feil','darion55@example.net','404.799.6843x344','2010-12-19 07:47:39','2020-04-18 22:41:15'),(87,'Haven','Glover','freida.jerde@example.com','+13(3)6943277805','2019-10-18 13:31:40','2020-04-25 10:16:23'),(88,'Elsa','O\'Reilly','pfeffer.albina@example.org','681.280.2194x5176','2012-08-28 08:12:01','2020-04-25 10:16:23'),(89,'Kaycee','Batz','ward88@example.com','081.609.3935x988','2013-02-25 07:12:50','2017-07-24 07:40:10'),(90,'Maryjane','Bechtelar','chandler23@example.com','1-891-475-8786','2010-04-24 02:15:22','2012-05-10 02:03:14'),(91,'Edwardo','Rippin','thiel.flossie@example.com','(034)270-9433','2010-09-12 19:08:48','2020-01-14 12:06:01'),(92,'Lucie','Fisher','rowland13@example.org','1-534-795-0393','2014-08-29 18:35:12','2020-04-25 10:16:23'),(93,'Leonel','Skiles','misty.mccullough@example.net','06161217930','2017-10-29 13:01:48','2020-04-25 10:16:23'),(94,'Alivia','Hodkiewicz','jbailey@example.com','313.417.9686','2015-01-24 23:27:42','2019-10-16 20:43:48'),(95,'Braulio','Kutch','rabbott@example.org','527-030-7012x068','2010-11-20 05:14:28','2015-07-10 17:56:52'),(96,'Golden','Schimmel','heathcote.alivia@example.net','659-039-6992x0711','2014-05-20 15:17:57','2020-04-25 10:16:23'),(97,'George','Toy','nheathcote@example.net','879.164.8510x0145','2013-12-31 21:12:21','2020-04-25 10:16:23'),(98,'Ardith','Thiel','mcdermott.tina@example.com','289.155.3566','2012-09-19 22:14:03','2019-11-07 16:16:55'),(99,'Isabella','Mayert','gglover@example.com','330.607.1913','2018-08-27 20:48:34','2020-04-25 10:16:23'),(100,'Mikayla','Langworth','schultz.winfield@example.net','904.500.1319x625','2019-08-08 20:34:49','2020-04-25 10:16:23');
/*!40000 ALTER TABLE `users` ENABLE KEYS */;
UNLOCK TABLES;
/*!40103 SET TIME_ZONE=@OLD_TIME_ZONE */;

/*!40101 SET SQL_MODE=@OLD_SQL_MODE */;
/*!40014 SET FOREIGN_KEY_CHECKS=@OLD_FOREIGN_KEY_CHECKS */;
/*!40014 SET UNIQUE_CHECKS=@OLD_UNIQUE_CHECKS */;
/*!40101 SET CHARACTER_SET_CLIENT=@OLD_CHARACTER_SET_CLIENT */;
/*!40101 SET CHARACTER_SET_RESULTS=@OLD_CHARACTER_SET_RESULTS */;
/*!40101 SET COLLATION_CONNECTION=@OLD_COLLATION_CONNECTION */;
/*!40111 SET SQL_NOTES=@OLD_SQL_NOTES */;

-- Dump completed on 2020-04-27 18:09:02
